Target,Winning_Model,Training_Time_Sec,Prediction_Time_Sec,MAE,RMSE,R2,MAPE,Accuracy,Precision,Recall,F1,ROC_AUC
Financial_Health_Score,LightGBM,1.905583143234253,0.03435492515563965,0.32034779613880965,0.5050497384624741,0.9941635365510377,0.3943421015145653,,,,,
Default_Probability,LightGBM,1.4526889324188232,0.019037246704101562,0.0033415357206425943,0.005058236691760687,0.996809171335485,2.0092936543598534,,,,,
Loan_Eligibility,XGBoost,0.31983184814453125,0.008471012115478516,,,,,0.998,0.997978572872448,1.0,0.9989882638607851,0.9997910176156074
